{
  "Reference": "MELD",
  "Jensen_Shannon_Distance": 0.17264497525980177,
  "Semantic_Cosine_Centroid": 0.44181227684020996,
  "Semantic_Cosine_NNAvg": 0.33895909786224365,
  "Semantic_MMD": 0.08960995078086853,
  "Affective_Transition_KL_Global_(MADE||REF)": 0.3872283045605253,
  "Affective_Transition_KL_PerDialog/Monologue_(MADE||REF)": 0.3925326840904991,
  "MADE_sentence_count": 26150,
  "MELD_sentence_count": 13708,
  "Model": "all-mpnet-base-v2",
  "Semantic_sample_size": 1000,
  "Semantic_sampling_seed": 42,
  "Emotion_Distribution_MADE": {
    "happy": 0.1205736137667304,
    "sad": 0.06416826003824092,
    "angry": 0.08298279158699809,
    "fearful": 0.12638623326959847,
    "disgusted": 0.06688336520076482,
    "surprised": 0.067151051625239,
    "neutral": 0.4718546845124283
  },
  "Emotion_Distribution_REF": {
    "happy": 0.16836883571637,
    "sad": 0.07309600233440326,
    "angry": 0.11723081412313978,
    "fearful": 0.026116136562591187,
    "disgusted": 0.026334986868981617,
    "surprised": 0.11934636708491392,
    "neutral": 0.46950685730960023
  },
  "Transition_Global_MADE": [
    [
      0.024904862579281185,
      0.0027061310782241013,
      0.0024101479915433406,
      0.010232558139534883,
      0.0013953488372093023,
      0.003890063424947146,
      0.07145877378435518
    ],
    [
      0.0018604651162790699,
      0.009767441860465116,
      0.0024947145877378435,
      0.005581395348837209,
      0.001733615221987315,
      0.0010570824524312897,
      0.037716701902748416
    ],
    [
      0.0018181818181818182,
      0.002579281183932347,
      0.013234672304439747,
      0.01040169133192389,
      0.00879492600422833,
      0.0021141649048625794,
      0.040972515856236784
    ],
    [
      0.012431289640591967,
      0.0069767441860465115,
      0.0119661733615222,
      0.014503171247357293,
      0.0032135306553911203,
      0.0031289640591966174,
      0.07167019027484144
    ],
    [
      0.0009725158562367865,
      0.002029598308668076,
      0.009725158562367865,
      0.005750528541226215,
      0.009978858350951374,
      0.0027484143763213532,
      0.035644820295983086
    ],
    [
      0.0051162790697674414,
      0.001733615221987315,
      0.003890063424947146,
      0.007484143763213531,
      0.0039323467230443976,
      0.004651162790697674,
      0.04181818181818182
    ],
    [
      0.0759830866807611,
      0.04054968287526427,
      0.042452431289640595,
      0.07640591966173362,
      0.037209302325581395,
      0.04646934460887949,
      0.1644397463002114
    ]
  ],
  "Transition_Global_REF": [
    [
      0.05547409579667644,
      0.007331378299120235,
      0.012056044314108831,
      0.003421309872922776,
      0.0036656891495601175,
      0.0184099055066797,
      0.06565656565656566
    ],
    [
      0.007738677093515803,
      0.018898664059954384,
      0.007331378299120235,
      0.0016291951775822744,
      0.0019550342130987292,
      0.009286412512218964,
      0.025333985011404367
    ],
    [
      0.010834147930922125,
      0.008797653958944282,
      0.039589442815249266,
      0.002932551319648094,
      0.003176930596285435,
      0.011159986966438579,
      0.04121863799283154
    ],
    [
      0.0030954708374063213,
      0.002036493971977843,
      0.003176930596285435,
      0.0032583903551645487,
      0.0008145975887911372,
      0.0033398501140436626,
      0.010752688172043012
    ],
    [
      0.0021179537308569567,
      0.0024437927663734115,
      0.004072987943955686,
      0.0006516780710329097,
      0.0039100684261974585,
      0.0036656891495601175,
      0.008879113717823395
    ],
    [
      0.018165526230042358,
      0.008879113717823395,
      0.01401107852720756,
      0.0032583903551645487,
      0.0032583903551645487,
      0.01971326164874552,
      0.05303030303030303
    ],
    [
      0.06858911697621375,
      0.025741283805799934,
      0.03942652329749104,
      0.010997067448680353,
      0.010263929618768328,
      0.05457803844900619,
      0.2619745845552297
    ]
  ],
  "Transition_PerDialog_MADE": [
    [
      0.025137186147186203,
      0.0027229004329004302,
      0.002519225219225218,
      0.010176166056166057,
      0.0013645687645687649,
      0.0038825485625485563,
      0.0712970651570654
    ],
    [
      0.0018605050505050506,
      0.009840808080808075,
      0.0026128715728715706,
      0.005668951048951038,
      0.0017473737373737376,
      0.0010471717171717176,
      0.03822398268398282
    ],
    [
      0.0017790909090909096,
      0.0026290620490620462,
      0.0133175468975469,
      0.010600855810855802,
      0.009078975468975457,
      0.0021487490287490276,
      0.041219638139638304
    ],
    [
      0.012435014985014987,
      0.007144044844044832,
      0.012250245310245312,
      0.014292914862914879,
      0.003318590298590295,
      0.0031477100677100634,
      0.07127157176157195
    ],
    [
      0.0009746076146076149,
      0.0020881529581529574,
      0.0099808558108558,
      0.00585193806193805,
      0.010087445887445876,
      0.002860639360639358,
      0.03609635253635268
    ],
    [
      0.0051707503607503515,
      0.0017627272727272728,
      0.0040000432900432845,
      0.0075143867243867195,
      0.004076580086580081,
      0.004697676767676765,
      0.041909002109002204
    ],
    [
      0.07566900765900789,
      0.041024819624819776,
      0.04252213453213468,
      0.0761712143412146,
      0.03756519258519269,
      0.04669387168387179,
      0.1605472660672655
    ]
  ],
  "Transition_PerDialog_REF": [
    [
      0.05592466647104962,
      0.006434791720357425,
      0.012172690956969691,
      0.0034176574146098132,
      0.003365662092010361,
      0.01927513013679691,
      0.0687254480204153
    ],
    [
      0.008134294679436901,
      0.017993649230552772,
      0.006369899301299815,
      0.0017487285803987486,
      0.0018151031195331973,
      0.008446337492475755,
      0.025363023187731766
    ],
    [
      0.009750852573539779,
      0.007881146463194159,
      0.03523166598007424,
      0.002593475296037979,
      0.0032392541017475366,
      0.010366448372751788,
      0.04011980373080123
    ],
    [
      0.0029096171744267168,
      0.0014724237733044017,
      0.00289188355266349,
      0.003067040794294435,
      0.0007905501701457584,
      0.0042940654273098434,
      0.010730977438413855
    ],
    [
      0.0016225580921010898,
      0.0024090507915359364,
      0.00435092588535997,
      0.0005367772108843536,
      0.003325705175040715,
      0.004064656210243062,
      0.008368773506788005
    ],
    [
      0.020996335072862957,
      0.00776340159426757,
      0.011791424540208253,
      0.002607283913519402,
      0.002936918077740031,
      0.018238838287610262,
      0.051252701963685046
    ],
    [
      0.07530727717928107,
      0.02606599048520069,
      0.03904358123983987,
      0.011476169345304817,
      0.009488720745104463,
      0.05532730715337765,
      0.2684993162777026
    ]
  ]
}