{
  "Reference": "MELD",
  "Jensen_Shannon_Distance": 0.189591773914611,
  "Semantic_Cosine_Centroid": 0.47212108969688416,
  "Semantic_Cosine_NNAvg": 0.3402675986289978,
  "Semantic_MMD": 0.06817469000816345,
  "Affective_Transition_KL_Global_(MADE||REF)": 0.33200010526821216,
  "Affective_Transition_KL_PerDialog/Monologue_(MADE||REF)": 0.3343867576836601,
  "MADE_sentence_count": 32891,
  "MELD_sentence_count": 13708,
  "Model": "all-mpnet-base-v2",
  "Semantic_sample_size": 1000,
  "Semantic_sampling_seed": 42,
  "Emotion_Distribution_MADE": {
    "happy": 0.0815116597245447,
    "sad": 0.05919552461159588,
    "angry": 0.06177981818734608,
    "fearful": 0.13240704143990759,
    "disgusted": 0.04189595938098568,
    "surprised": 0.08111641482472409,
    "neutral": 0.542093581830896
  },
  "Emotion_Distribution_REF": {
    "happy": 0.16836883571637,
    "sad": 0.07309600233440326,
    "angry": 0.11723081412313978,
    "fearful": 0.026116136562591187,
    "disgusted": 0.026334986868981617,
    "surprised": 0.11934636708491392,
    "neutral": 0.46950685730960023
  },
  "Transition_Global_MADE": [
    [
      0.029153367773353953,
      0.001118752262182883,
      0.00046066269619295184,
      0.0071731762692902505,
      0.0001645223914974828,
      0.004606626961929519,
      0.036425257477542695
    ],
    [
      0.0008555164357869106,
      0.014971537626270936,
      0.002402026915863249,
      0.005462143397716429,
      0.0023033134809647593,
      0.001349083610279359,
      0.029646934947846402
    ],
    [
      0.00019742686979697937,
      0.0017439373498733177,
      0.020993057155078806,
      0.005955710572208878,
      0.00612023296370636,
      0.002467835872462242,
      0.023395084070942054
    ],
    [
      0.0036853015695436147,
      0.009344871837057024,
      0.008588068836168602,
      0.04639531440229015,
      0.0036523970912441185,
      0.006877035964594782,
      0.052844592148991475
    ],
    [
      0.0003290447829949656,
      0.002829785133756704,
      0.005889901615609885,
      0.0030930209601526767,
      0.009344871837057024,
      0.0022046000460662694,
      0.017735513803428648
    ],
    [
      0.005133098614721464,
      0.00200717317626929,
      0.004935671744924484,
      0.009246158402158533,
      0.0028955940903556973,
      0.010134579316244941,
      0.04932381297094535
    ],
    [
      0.045572702444802736,
      0.0306340692968313,
      0.02036787206738837,
      0.06268303116054096,
      0.019545260109900958,
      0.057385410154322004,
      0.31035503932085157
    ]
  ],
  "Transition_Global_REF": [
    [
      0.05547409579667644,
      0.007331378299120235,
      0.012056044314108831,
      0.003421309872922776,
      0.0036656891495601175,
      0.0184099055066797,
      0.06565656565656566
    ],
    [
      0.007738677093515803,
      0.018898664059954384,
      0.007331378299120235,
      0.0016291951775822744,
      0.0019550342130987292,
      0.009286412512218964,
      0.025333985011404367
    ],
    [
      0.010834147930922125,
      0.008797653958944282,
      0.039589442815249266,
      0.002932551319648094,
      0.003176930596285435,
      0.011159986966438579,
      0.04121863799283154
    ],
    [
      0.0030954708374063213,
      0.002036493971977843,
      0.003176930596285435,
      0.0032583903551645487,
      0.0008145975887911372,
      0.0033398501140436626,
      0.010752688172043012
    ],
    [
      0.0021179537308569567,
      0.0024437927663734115,
      0.004072987943955686,
      0.0006516780710329097,
      0.0039100684261974585,
      0.0036656891495601175,
      0.008879113717823395
    ],
    [
      0.018165526230042358,
      0.008879113717823395,
      0.01401107852720756,
      0.0032583903551645487,
      0.0032583903551645487,
      0.01971326164874552,
      0.05303030303030303
    ],
    [
      0.06858911697621375,
      0.025741283805799934,
      0.03942652329749104,
      0.010997067448680353,
      0.010263929618768328,
      0.05457803844900619,
      0.2619745845552297
    ]
  ],
  "Transition_PerDialog_MADE": [
    [
      0.0290706160506161,
      0.00109994005994006,
      0.0004481851481851482,
      0.007177748917748917,
      0.00016713286713286712,
      0.004625034965034965,
      0.03624477522477534
    ],
    [
      0.0008306093906093903,
      0.015348842268842276,
      0.002422777222777221,
      0.005437382617382621,
      0.0023269996669996653,
      0.0013475924075924078,
      0.029604939504939635
    ],
    [
      0.0002017649017649018,
      0.0017384415584415585,
      0.021348549228549264,
      0.005979582639582641,
      0.006179247419247422,
      0.002506926406926405,
      0.023415386835386933
    ],
    [
      0.0036651548451548423,
      0.009275331335331328,
      0.008559913419913422,
      0.046381944721944776,
      0.0037411344211344187,
      0.006884337884337883,
      0.052839203019203196
    ],
    [
      0.0003305760905760906,
      0.0028921878121878097,
      0.005965294705294707,
      0.0030971450771450754,
      0.0094835964035964,
      0.002226546786546785,
      0.017834152514152567
    ],
    [
      0.005134152514152516,
      0.0020213320013320007,
      0.0050170940170940195,
      0.00932950160950161,
      0.0029013453213453198,
      0.010144768564768562,
      0.04938015540015551
    ],
    [
      0.04543228105228117,
      0.030734352314352408,
      0.020472769452769518,
      0.0627160039960042,
      0.019665010545010627,
      0.057513055833055965,
      0.30883918303918256
    ]
  ],
  "Transition_PerDialog_REF": [
    [
      0.05592466647104962,
      0.006434791720357425,
      0.012172690956969691,
      0.0034176574146098132,
      0.003365662092010361,
      0.01927513013679691,
      0.0687254480204153
    ],
    [
      0.008134294679436901,
      0.017993649230552772,
      0.006369899301299815,
      0.0017487285803987486,
      0.0018151031195331973,
      0.008446337492475755,
      0.025363023187731766
    ],
    [
      0.009750852573539779,
      0.007881146463194159,
      0.03523166598007424,
      0.002593475296037979,
      0.0032392541017475366,
      0.010366448372751788,
      0.04011980373080123
    ],
    [
      0.0029096171744267168,
      0.0014724237733044017,
      0.00289188355266349,
      0.003067040794294435,
      0.0007905501701457584,
      0.0042940654273098434,
      0.010730977438413855
    ],
    [
      0.0016225580921010898,
      0.0024090507915359364,
      0.00435092588535997,
      0.0005367772108843536,
      0.003325705175040715,
      0.004064656210243062,
      0.008368773506788005
    ],
    [
      0.020996335072862957,
      0.00776340159426757,
      0.011791424540208253,
      0.002607283913519402,
      0.002936918077740031,
      0.018238838287610262,
      0.051252701963685046
    ],
    [
      0.07530727717928107,
      0.02606599048520069,
      0.03904358123983987,
      0.011476169345304817,
      0.009488720745104463,
      0.05532730715337765,
      0.2684993162777026
    ]
  ]
}