{
  "Reference": "MELD",
  "Jensen_Shannon_Distance": 0.17005840761060256,
  "Semantic_Cosine_Centroid": 0.4573424160480499,
  "Semantic_Cosine_NNAvg": 0.33914875984191895,
  "Semantic_MMD": 0.07290154695510864,
  "Affective_Transition_KL_Global_(MADE||REF)": 0.3765556583121198,
  "Affective_Transition_KL_PerDialog/Monologue_(MADE||REF)": 0.39934308631524085,
  "MADE_sentence_count": 33364,
  "MELD_sentence_count": 13708,
  "Model": "all-mpnet-base-v2",
  "Semantic_sample_size": 1000,
  "Semantic_sampling_seed": 42,
  "Emotion_Distribution_MADE": {
    "happy": 0.12300683371298406,
    "sad": 0.09974823162690324,
    "angry": 0.0909063661431483,
    "fearful": 0.09288454621747992,
    "disgusted": 0.10196619110418415,
    "surprised": 0.07400191823522359,
    "neutral": 0.41748591296007675
  },
  "Emotion_Distribution_REF": {
    "happy": 0.16836883571637,
    "sad": 0.07309600233440326,
    "angry": 0.11723081412313978,
    "fearful": 0.026116136562591187,
    "disgusted": 0.026334986868981617,
    "surprised": 0.11934636708491392,
    "neutral": 0.46950685730960023
  },
  "Transition_Global_MADE": [
    [
      0.05009072058061172,
      0.00336962156557802,
      0.001717210990150337,
      0.008812856402280975,
      0.0011988076723691032,
      0.00628564022809746,
      0.05141912908242613
    ],
    [
      0.0011988076723691032,
      0.03635303265940902,
      0.001425609123898393,
      0.006868843960601348,
      0.0006156039398652151,
      0.0003240020736132711,
      0.04824390876101607
    ],
    [
      0.0007128045619491965,
      0.0018144116122343183,
      0.03891264904095386,
      0.0038880248833592537,
      0.008683255572835667,
      0.000874805598755832,
      0.034506220839813376
    ],
    [
      0.006480041472265423,
      0.007646448937273198,
      0.00291601866251944,
      0.021708138932089165,
      0.002235614307931571,
      0.003499222395023328,
      0.04746630378434422
    ],
    [
      0.0006804043545878694,
      0.0019440124416796269,
      0.009136858475894245,
      0.0022032141005702438,
      0.039690254017625715,
      0.0010044064282011406,
      0.04691550025920166
    ],
    [
      0.0035640228097459825,
      0.001425609123898393,
      0.0015552099533437014,
      0.008132452047693105,
      0.003726023846552618,
      0.014644893727319854,
      0.03926905132192846
    ],
    [
      0.0613011923276309,
      0.04937791601866252,
      0.03612623120787973,
      0.04523068947641265,
      0.044777086573354066,
      0.04872991187143598,
      0.14129730430274753
    ]
  ],
  "Transition_Global_REF": [
    [
      0.05547409579667644,
      0.007331378299120235,
      0.012056044314108831,
      0.003421309872922776,
      0.0036656891495601175,
      0.0184099055066797,
      0.06565656565656566
    ],
    [
      0.007738677093515803,
      0.018898664059954384,
      0.007331378299120235,
      0.0016291951775822744,
      0.0019550342130987292,
      0.009286412512218964,
      0.025333985011404367
    ],
    [
      0.010834147930922125,
      0.008797653958944282,
      0.039589442815249266,
      0.002932551319648094,
      0.003176930596285435,
      0.011159986966438579,
      0.04121863799283154
    ],
    [
      0.0030954708374063213,
      0.002036493971977843,
      0.003176930596285435,
      0.0032583903551645487,
      0.0008145975887911372,
      0.0033398501140436626,
      0.010752688172043012
    ],
    [
      0.0021179537308569567,
      0.0024437927663734115,
      0.004072987943955686,
      0.0006516780710329097,
      0.0039100684261974585,
      0.0036656891495601175,
      0.008879113717823395
    ],
    [
      0.018165526230042358,
      0.008879113717823395,
      0.01401107852720756,
      0.0032583903551645487,
      0.0032583903551645487,
      0.01971326164874552,
      0.05303030303030303
    ],
    [
      0.06858911697621375,
      0.025741283805799934,
      0.03942652329749104,
      0.010997067448680353,
      0.010263929618768328,
      0.05457803844900619,
      0.2619745845552297
    ]
  ],
  "Transition_PerDialog_MADE": [
    [
      0.050109423909423925,
      0.0032068598068598036,
      0.0016370296370296384,
      0.00849144189144189,
      0.001152880452880453,
      0.006217415917415918,
      0.050996003996004076
    ],
    [
      0.001131601731601732,
      0.03682680652680655,
      0.001375124875124876,
      0.0068030969030969035,
      0.0006127539127539126,
      0.0003174159174159174,
      0.04854092574092576
    ],
    [
      0.0006670329670329669,
      0.0017737595737595748,
      0.039298101898101914,
      0.003839027639027637,
      0.008631068931068927,
      0.0008465534465534465,
      0.03481225441225446
    ],
    [
      0.006294638694638694,
      0.007648884448884446,
      0.0028541791541791517,
      0.021913919413919444,
      0.0021658008658008657,
      0.0034385947385947354,
      0.04721953379953392
    ],
    [
      0.0006435231435231434,
      0.0018697968697968701,
      0.009120246420246418,
      0.0021180153180153176,
      0.04085869463869466,
      0.0009640359640359639,
      0.048031128871128904
    ],
    [
      0.0035387612387612357,
      0.0013522144522144532,
      0.0014924408924408936,
      0.007997236097236095,
      0.003537695637695635,
      0.014846613386613404,
      0.039026133866133995
    ],
    [
      0.06051266067266087,
      0.049694971694971724,
      0.03638961038961047,
      0.04514078588078596,
      0.0458850682650683,
      0.048209923409923555,
      0.13994831168831146
    ]
  ],
  "Transition_PerDialog_REF": [
    [
      0.05592466647104962,
      0.006434791720357425,
      0.012172690956969691,
      0.0034176574146098132,
      0.003365662092010361,
      0.01927513013679691,
      0.0687254480204153
    ],
    [
      0.008134294679436901,
      0.017993649230552772,
      0.006369899301299815,
      0.0017487285803987486,
      0.0018151031195331973,
      0.008446337492475755,
      0.025363023187731766
    ],
    [
      0.009750852573539779,
      0.007881146463194159,
      0.03523166598007424,
      0.002593475296037979,
      0.0032392541017475366,
      0.010366448372751788,
      0.04011980373080123
    ],
    [
      0.0029096171744267168,
      0.0014724237733044017,
      0.00289188355266349,
      0.003067040794294435,
      0.0007905501701457584,
      0.0042940654273098434,
      0.010730977438413855
    ],
    [
      0.0016225580921010898,
      0.0024090507915359364,
      0.00435092588535997,
      0.0005367772108843536,
      0.003325705175040715,
      0.004064656210243062,
      0.008368773506788005
    ],
    [
      0.020996335072862957,
      0.00776340159426757,
      0.011791424540208253,
      0.002607283913519402,
      0.002936918077740031,
      0.018238838287610262,
      0.051252701963685046
    ],
    [
      0.07530727717928107,
      0.02606599048520069,
      0.03904358123983987,
      0.011476169345304817,
      0.009488720745104463,
      0.05532730715337765,
      0.2684993162777026
    ]
  ]
}