{
  "Reference": "MELD",
  "Jensen_Shannon_Distance": 0.2411574240533055,
  "Semantic_Cosine_Centroid": 0.4613824486732483,
  "Semantic_Cosine_NNAvg": 0.33924856781959534,
  "Semantic_MMD": 0.08588424324989319,
  "Affective_Transition_KL_Global_(MADE||REF)": 0.8217058184063177,
  "Affective_Transition_KL_PerDialog/Monologue_(MADE||REF)": 0.8385667496437912,
  "MADE_sentence_count": 26024,
  "MELD_sentence_count": 13708,
  "Model": "all-mpnet-base-v2",
  "Semantic_sample_size": 1000,
  "Semantic_sampling_seed": 42,
  "Emotion_Distribution_MADE": {
    "happy": 0.17837380879188441,
    "sad": 0.10186750691669229,
    "angry": 0.08849523516753766,
    "fearful": 0.22202582231786044,
    "disgusted": 0.030856132800491855,
    "surprised": 0.07796649246849062,
    "neutral": 0.3004150015370427
  },
  "Emotion_Distribution_REF": {
    "happy": 0.16836883571637,
    "sad": 0.07309600233440326,
    "angry": 0.11723081412313978,
    "fearful": 0.026116136562591187,
    "disgusted": 0.026334986868981617,
    "surprised": 0.11934636708491392,
    "neutral": 0.46950685730960023
  },
  "Transition_Global_MADE": [
    [
      0.024953239245026355,
      0.01589865669103894,
      0.010287366094201666,
      0.06827070226152016,
      0.006121407923822479,
      0.01390069716034688,
      0.04625063764665873
    ],
    [
      0.013390579833361673,
      0.004421016833871791,
      0.013263050501615371,
      0.021127359292637305,
      0.004293487502125489,
      0.009139602108484952,
      0.0335827240265261
    ],
    [
      0.018704301989457574,
      0.00930964121748002,
      0.00930964121748002,
      0.0204897126339058,
      0.0052287026015983675,
      0.007184152355041659,
      0.022700221050841695
    ],
    [
      0.051691889134500936,
      0.026015983676245538,
      0.02720625743921102,
      0.032604999149804456,
      0.005781329705832341,
      0.016536303349770447,
      0.06380717565039959
    ],
    [
      0.004548546165618092,
      0.0038258799523890495,
      0.005908859037578643,
      0.006333956810066315,
      0.00038258799523890495,
      0.0026356061894235675,
      0.008969562999489882
    ],
    [
      0.0180241455534773,
      0.005781329705832341,
      0.007821799013773167,
      0.025250807685767727,
      0.0018704301989457576,
      0.0002975684407413705,
      0.020872300629144705
    ],
    [
      0.044932834551946944,
      0.046038088760414896,
      0.021892535283115116,
      0.06563509607209658,
      0.009352150994728787,
      0.03443291957150144,
      0.06372215609590205
    ]
  ],
  "Transition_Global_REF": [
    [
      0.05547409579667644,
      0.007331378299120235,
      0.012056044314108831,
      0.003421309872922776,
      0.0036656891495601175,
      0.0184099055066797,
      0.06565656565656566
    ],
    [
      0.007738677093515803,
      0.018898664059954384,
      0.007331378299120235,
      0.0016291951775822744,
      0.0019550342130987292,
      0.009286412512218964,
      0.025333985011404367
    ],
    [
      0.010834147930922125,
      0.008797653958944282,
      0.039589442815249266,
      0.002932551319648094,
      0.003176930596285435,
      0.011159986966438579,
      0.04121863799283154
    ],
    [
      0.0030954708374063213,
      0.002036493971977843,
      0.003176930596285435,
      0.0032583903551645487,
      0.0008145975887911372,
      0.0033398501140436626,
      0.010752688172043012
    ],
    [
      0.0021179537308569567,
      0.0024437927663734115,
      0.004072987943955686,
      0.0006516780710329097,
      0.0039100684261974585,
      0.0036656891495601175,
      0.008879113717823395
    ],
    [
      0.018165526230042358,
      0.008879113717823395,
      0.01401107852720756,
      0.0032583903551645487,
      0.0032583903551645487,
      0.01971326164874552,
      0.05303030303030303
    ],
    [
      0.06858911697621375,
      0.025741283805799934,
      0.03942652329749104,
      0.010997067448680353,
      0.010263929618768328,
      0.05457803844900619,
      0.2619745845552297
    ]
  ],
  "Transition_PerDialog_MADE": [
    [
      0.024394407814407867,
      0.015627472527472555,
      0.01036139416139417,
      0.0675377089577095,
      0.006516166056166043,
      0.014568583638583661,
      0.04767998001998033
    ],
    [
      0.013425299145299167,
      0.003962197802197798,
      0.01405992673992676,
      0.020314068154068186,
      0.004768888888888882,
      0.009351257631257631,
      0.03160614607614619
    ],
    [
      0.01887216339216344,
      0.00949894993894994,
      0.009412039072039068,
      0.020886398046398105,
      0.005581538461538451,
      0.007671086691086687,
      0.02359956487956491
    ],
    [
      0.05024671772671812,
      0.02601654456654459,
      0.028140488400488495,
      0.0311033621933623,
      0.006113337773337762,
      0.01733675213675215,
      0.06189941835941869
    ],
    [
      0.004704126984126976,
      0.003979023199023194,
      0.006420124320124307,
      0.006676825396825383,
      0.0003809523809523809,
      0.0030245931845931844,
      0.009766593406593407
    ],
    [
      0.018136961926961945,
      0.005912967032967023,
      0.008120537240537242,
      0.025722600732600784,
      0.002224761904761904,
      0.0003619047619047619,
      0.021567938727938763
    ],
    [
      0.04481124986125013,
      0.04603995559995587,
      0.022290405150405205,
      0.06511645354645397,
      0.009986910866910871,
      0.03495224886224902,
      0.05925100566100597
    ]
  ],
  "Transition_PerDialog_REF": [
    [
      0.05592466647104962,
      0.006434791720357425,
      0.012172690956969691,
      0.0034176574146098132,
      0.003365662092010361,
      0.01927513013679691,
      0.0687254480204153
    ],
    [
      0.008134294679436901,
      0.017993649230552772,
      0.006369899301299815,
      0.0017487285803987486,
      0.0018151031195331973,
      0.008446337492475755,
      0.025363023187731766
    ],
    [
      0.009750852573539779,
      0.007881146463194159,
      0.03523166598007424,
      0.002593475296037979,
      0.0032392541017475366,
      0.010366448372751788,
      0.04011980373080123
    ],
    [
      0.0029096171744267168,
      0.0014724237733044017,
      0.00289188355266349,
      0.003067040794294435,
      0.0007905501701457584,
      0.0042940654273098434,
      0.010730977438413855
    ],
    [
      0.0016225580921010898,
      0.0024090507915359364,
      0.00435092588535997,
      0.0005367772108843536,
      0.003325705175040715,
      0.004064656210243062,
      0.008368773506788005
    ],
    [
      0.020996335072862957,
      0.00776340159426757,
      0.011791424540208253,
      0.002607283913519402,
      0.002936918077740031,
      0.018238838287610262,
      0.051252701963685046
    ],
    [
      0.07530727717928107,
      0.02606599048520069,
      0.03904358123983987,
      0.011476169345304817,
      0.009488720745104463,
      0.05532730715337765,
      0.2684993162777026
    ]
  ]
}