{
  "Reference": "GoEmotions",
  "Jensen_Shannon_Distance": 0.29230171665454974,
  "Semantic_Cosine_Centroid": 0.48498401045799255,
  "Semantic_Cosine_NNAvg": 0.3415704369544983,
  "Semantic_MMD": 0.06114205718040466,
  "Affective_Transition_KL_Global_(MADE||REF)": 0.8808548817346742,
  "Affective_Transition_KL_PerDialog/Monologue_(MADE||REF)": 0.8708213627061518,
  "MADE_sentence_count": 118429,
  "GoEmotions_sentence_count": 54263,
  "Model": "all-mpnet-base-v2",
  "Semantic_sample_size": 1000,
  "Semantic_sampling_seed": 42,
  "Emotion_Distribution_MADE": {
    "happy": 0.1231117378344831,
    "sad": 0.08109500206875005,
    "angry": 0.08053770613616597,
    "fearful": 0.13963640662337773,
    "disgusted": 0.061910511783431425,
    "surprised": 0.07533627743204789,
    "neutral": 0.43837235812174385
  },
  "Emotion_Distribution_REF": {
    "happy": 0.3901553544772681,
    "sad": 0.0596170502920959,
    "angry": 0.12391500654221109,
    "fearful": 0.014558723255256804,
    "disgusted": 0.01360042754731585,
    "surprised": 0.10290621602196709,
    "neutral": 0.29524722186388513
  },
  "Transition_Global_MADE": [
    [
      0.033275230796189215,
      0.005312231967462579,
      0.0033754807293251807,
      0.021562497117929704,
      0.0020197548626290016,
      0.006944636582464101,
      0.0504662036908945
    ],
    [
      0.00389194772616182,
      0.01763365889199384,
      0.004500640972433574,
      0.009287183318116001,
      0.0021304263619511387,
      0.002683783858561824,
      0.03755452876997851
    ],
    [
      0.004712761346134337,
      0.0035876011030259434,
      0.02186684374106558,
      0.009490081066873253,
      0.007239760580656466,
      0.0029604626068671664,
      0.030240987189773954
    ],
    [
      0.016803622647077812,
      0.011961744551734314,
      0.011749624178033552,
      0.029420173569801436,
      0.0036152689778564777,
      0.007193647455938909,
      0.05779819052098608
    ],
    [
      0.001484842615905339,
      0.002619225483957244,
      0.007654778703114481,
      0.0041225133497496055,
      0.016176484150919036,
      0.00207509061229007,
      0.028046002453218234
    ],
    [
      0.0074795488291877635,
      0.002600780234070221,
      0.0043715242232244145,
      0.012017080301395384,
      0.0031356924807938837,
      0.008088242075459518,
      0.03865202113825637
    ],
    [
      0.05654391352866853,
      0.04147414437097086,
      0.030001198941242656,
      0.06134890112423798,
      0.028368794326241134,
      0.047561076833688404,
      0.17689916904149258
    ]
  ],
  "Transition_Global_REF": [
    [
      0.15263545890158497,
      0.023184666420936233,
      0.04824917065978621,
      0.00586067084408404,
      0.005455215628455584,
      0.03999262808698857,
      0.11476225580538149
    ],
    [
      0.02395871728713601,
      0.0035385182454847034,
      0.007445632141540729,
      0.0009767784740140066,
      0.0008293402137854773,
      0.006063398451898267,
      0.01680796166605234
    ],
    [
      0.04883892370070033,
      0.007316623663840767,
      0.015186140803538518,
      0.0016218208625138222,
      0.0014375230372281607,
      0.01229266494655363,
      0.03722816070770365
    ],
    [
      0.005363066715812753,
      0.0008293402137854773,
      0.0018614080353851824,
      0.00036859565057132326,
      0.0002395871728713601,
      0.0018245484703280502,
      0.004072981938813122
    ],
    [
      0.0051787688905270916,
      0.0005528934758569849,
      0.0014375230372281607,
      0.0001474382602285293,
      0.00022115739034279396,
      0.00158496129745669,
      0.004478437154441578
    ],
    [
      0.03955031330630299,
      0.005823811279026907,
      0.0134537412458533,
      0.001363803907113896,
      0.0010504976041282713,
      0.011205307777368227,
      0.03046443051971987
    ],
    [
      0.1146516771102101,
      0.0183560633984519,
      0.036288241798746776,
      0.004220420199041651,
      0.0043678584592701806,
      0.029948396608920014,
      0.0874124585329893
    ]
  ],
  "Transition_PerDialog_MADE": [
    [
      0.03217790848040842,
      0.0056642932067932274,
      0.0037414585414585503,
      0.023345766455766647,
      0.0023001870351870334,
      0.007323395770895803,
      0.05155445609945557
    ],
    [
      0.00431200382950384,
      0.01649466366966371,
      0.005117675102675119,
      0.009555874680874717,
      0.002364004051504051,
      0.0030158594183594223,
      0.0369939985014983
    ],
    [
      0.0053800130425130585,
      0.0039100532800532915,
      0.02084405927405937,
      0.01032646603396609,
      0.00736770757020761,
      0.0032933288933288942,
      0.030761711066710978
    ],
    [
      0.018160381562881737,
      0.012521201298701348,
      0.012951206571206643,
      0.028423035298035353,
      0.0038347158397158475,
      0.007701848706848739,
      0.058307431734930845
    ],
    [
      0.0016632084582084556,
      0.002707290209790211,
      0.00787163031413035,
      0.004435980963480979,
      0.015202672327672357,
      0.0022689538239538225,
      0.02793205683205686
    ],
    [
      0.00799515651015655,
      0.0027623101898101915,
      0.004657528860028875,
      0.012640931290931369,
      0.003185095737595736,
      0.00751274087024089,
      0.03797080752580718
    ],
    [
      0.056606299811299346,
      0.041873524808524444,
      0.0304187298812299,
      0.062286114441113614,
      0.02827554556554567,
      0.04684227494727446,
      0.16714644161394052
    ]
  ],
  "Transition_PerDialog_REF": [
    [
      0.15299870934412607,
      0.022132274564394833,
      0.0491874099797529,
      0.006258878896513689,
      0.005390975034818525,
      0.039403340278156306,
      0.11415573902918362
    ],
    [
      0.022508485418181498,
      0.0034634623602366036,
      0.008155610860993647,
      0.0011058364956074997,
      0.0009906402691247033,
      0.00532185645121488,
      0.01641101768933601
    ],
    [
      0.049433010188835134,
      0.007564276178234676,
      0.016165417477905973,
      0.0017509192268243465,
      0.0017816263298621245,
      0.01318562950927904,
      0.03636994439682999
    ],
    [
      0.00562137173339736,
      0.0007218717227470212,
      0.002011994719657062,
      0.00020734301631900542,
      0.00020735575550654035,
      0.00231926109285233,
      0.004384993952188564
    ],
    [
      0.005490783736659168,
      0.0005529345261762233,
      0.0012978202984160558,
      0.00016894993575833277,
      0.0003072069228708368,
      0.0015743342726410637,
      0.004768921922690852
    ],
    [
      0.03884292926931882,
      0.00554448507398015,
      0.013239302537816125,
      0.0014821648348386136,
      0.0012978585159786607,
      0.010474737485948552,
      0.030863717928469675
    ],
    [
      0.1147011602679926,
      0.017916172510496778,
      0.03619326743322952,
      0.0045000995868063965,
      0.004185288787051143,
      0.02946603655625842,
      0.08792257562452212
    ]
  ]
}