{
  "Reference": "MELD",
  "Jensen_Shannon_Distance": 0.17716995460923024,
  "Semantic_Cosine_Centroid": 0.4749203324317932,
  "Semantic_Cosine_NNAvg": 0.34284958243370056,
  "Semantic_MMD": 0.07068929076194763,
  "Affective_Transition_KL_Global_(MADE||REF)": 0.3449488047543322,
  "Affective_Transition_KL_PerDialog/Monologue_(MADE||REF)": 0.3674765629340107,
  "MADE_sentence_count": 118429,
  "MELD_sentence_count": 13708,
  "Model": "all-mpnet-base-v2",
  "Semantic_sample_size": 1000,
  "Semantic_sampling_seed": 42,
  "Emotion_Distribution_MADE": {
    "happy": 0.1231117378344831,
    "sad": 0.08109500206875005,
    "angry": 0.08053770613616597,
    "fearful": 0.13963640662337773,
    "disgusted": 0.061910511783431425,
    "surprised": 0.07533627743204789,
    "neutral": 0.43837235812174385
  },
  "Emotion_Distribution_REF": {
    "happy": 0.16836883571637,
    "sad": 0.07309600233440326,
    "angry": 0.11723081412313978,
    "fearful": 0.026116136562591187,
    "disgusted": 0.026334986868981617,
    "surprised": 0.11934636708491392,
    "neutral": 0.46950685730960023
  },
  "Transition_Global_MADE": [
    [
      0.033275230796189215,
      0.005312231967462579,
      0.0033754807293251807,
      0.021562497117929704,
      0.0020197548626290016,
      0.006944636582464101,
      0.0504662036908945
    ],
    [
      0.00389194772616182,
      0.01763365889199384,
      0.004500640972433574,
      0.009287183318116001,
      0.0021304263619511387,
      0.002683783858561824,
      0.03755452876997851
    ],
    [
      0.004712761346134337,
      0.0035876011030259434,
      0.02186684374106558,
      0.009490081066873253,
      0.007239760580656466,
      0.0029604626068671664,
      0.030240987189773954
    ],
    [
      0.016803622647077812,
      0.011961744551734314,
      0.011749624178033552,
      0.029420173569801436,
      0.0036152689778564777,
      0.007193647455938909,
      0.05779819052098608
    ],
    [
      0.001484842615905339,
      0.002619225483957244,
      0.007654778703114481,
      0.0041225133497496055,
      0.016176484150919036,
      0.00207509061229007,
      0.028046002453218234
    ],
    [
      0.0074795488291877635,
      0.002600780234070221,
      0.0043715242232244145,
      0.012017080301395384,
      0.0031356924807938837,
      0.008088242075459518,
      0.03865202113825637
    ],
    [
      0.05654391352866853,
      0.04147414437097086,
      0.030001198941242656,
      0.06134890112423798,
      0.028368794326241134,
      0.047561076833688404,
      0.17689916904149258
    ]
  ],
  "Transition_Global_REF": [
    [
      0.05547409579667644,
      0.007331378299120235,
      0.012056044314108831,
      0.003421309872922776,
      0.0036656891495601175,
      0.0184099055066797,
      0.06565656565656566
    ],
    [
      0.007738677093515803,
      0.018898664059954384,
      0.007331378299120235,
      0.0016291951775822744,
      0.0019550342130987292,
      0.009286412512218964,
      0.025333985011404367
    ],
    [
      0.010834147930922125,
      0.008797653958944282,
      0.039589442815249266,
      0.002932551319648094,
      0.003176930596285435,
      0.011159986966438579,
      0.04121863799283154
    ],
    [
      0.0030954708374063213,
      0.002036493971977843,
      0.003176930596285435,
      0.0032583903551645487,
      0.0008145975887911372,
      0.0033398501140436626,
      0.010752688172043012
    ],
    [
      0.0021179537308569567,
      0.0024437927663734115,
      0.004072987943955686,
      0.0006516780710329097,
      0.0039100684261974585,
      0.0036656891495601175,
      0.008879113717823395
    ],
    [
      0.018165526230042358,
      0.008879113717823395,
      0.01401107852720756,
      0.0032583903551645487,
      0.0032583903551645487,
      0.01971326164874552,
      0.05303030303030303
    ],
    [
      0.06858911697621375,
      0.025741283805799934,
      0.03942652329749104,
      0.010997067448680353,
      0.010263929618768328,
      0.05457803844900619,
      0.2619745845552297
    ]
  ],
  "Transition_PerDialog_MADE": [
    [
      0.03217790848040842,
      0.0056642932067932274,
      0.0037414585414585503,
      0.023345766455766647,
      0.0023001870351870334,
      0.007323395770895803,
      0.05155445609945557
    ],
    [
      0.00431200382950384,
      0.01649466366966371,
      0.005117675102675119,
      0.009555874680874717,
      0.002364004051504051,
      0.0030158594183594223,
      0.0369939985014983
    ],
    [
      0.0053800130425130585,
      0.0039100532800532915,
      0.02084405927405937,
      0.01032646603396609,
      0.00736770757020761,
      0.0032933288933288942,
      0.030761711066710978
    ],
    [
      0.018160381562881737,
      0.012521201298701348,
      0.012951206571206643,
      0.028423035298035353,
      0.0038347158397158475,
      0.007701848706848739,
      0.058307431734930845
    ],
    [
      0.0016632084582084556,
      0.002707290209790211,
      0.00787163031413035,
      0.004435980963480979,
      0.015202672327672357,
      0.0022689538239538225,
      0.02793205683205686
    ],
    [
      0.00799515651015655,
      0.0027623101898101915,
      0.004657528860028875,
      0.012640931290931369,
      0.003185095737595736,
      0.00751274087024089,
      0.03797080752580718
    ],
    [
      0.056606299811299346,
      0.041873524808524444,
      0.0304187298812299,
      0.062286114441113614,
      0.02827554556554567,
      0.04684227494727446,
      0.16714644161394052
    ]
  ],
  "Transition_PerDialog_REF": [
    [
      0.05592466647104962,
      0.006434791720357425,
      0.012172690956969691,
      0.0034176574146098132,
      0.003365662092010361,
      0.01927513013679691,
      0.0687254480204153
    ],
    [
      0.008134294679436901,
      0.017993649230552772,
      0.006369899301299815,
      0.0017487285803987486,
      0.0018151031195331973,
      0.008446337492475755,
      0.025363023187731766
    ],
    [
      0.009750852573539779,
      0.007881146463194159,
      0.03523166598007424,
      0.002593475296037979,
      0.0032392541017475366,
      0.010366448372751788,
      0.04011980373080123
    ],
    [
      0.0029096171744267168,
      0.0014724237733044017,
      0.00289188355266349,
      0.003067040794294435,
      0.0007905501701457584,
      0.0042940654273098434,
      0.010730977438413855
    ],
    [
      0.0016225580921010898,
      0.0024090507915359364,
      0.00435092588535997,
      0.0005367772108843536,
      0.003325705175040715,
      0.004064656210243062,
      0.008368773506788005
    ],
    [
      0.020996335072862957,
      0.00776340159426757,
      0.011791424540208253,
      0.002607283913519402,
      0.002936918077740031,
      0.018238838287610262,
      0.051252701963685046
    ],
    [
      0.07530727717928107,
      0.02606599048520069,
      0.03904358123983987,
      0.011476169345304817,
      0.009488720745104463,
      0.05532730715337765,
      0.2684993162777026
    ]
  ]
}