{
  "Reference": "DailyDialog",
  "Jensen_Shannon_Distance": 0.362568987683605,
  "Semantic_Cosine_Centroid": 0.3559446334838867,
  "Semantic_Cosine_NNAvg": 0.33626997470855713,
  "Semantic_MMD": 0.07369440793991089,
  "Affective_Transition_KL_Global_(MADE||REF)": 2.1634972878884144,
  "Affective_Transition_KL_PerDialog/Monologue_(MADE||REF)": 2.183468128061329,
  "MADE_sentence_count": 118429,
  "DailyDialog_sentence_count": 102979,
  "Model": "all-mpnet-base-v2",
  "Semantic_sample_size": 1000,
  "Semantic_sampling_seed": 42,
  "Emotion_Distribution_MADE": {
    "happy": 0.1231117378344831,
    "sad": 0.08109500206875005,
    "angry": 0.08053770613616597,
    "fearful": 0.13963640662337773,
    "disgusted": 0.061910511783431425,
    "surprised": 0.07533627743204789,
    "neutral": 0.43837235812174385
  },
  "Emotion_Distribution_REF": {
    "happy": 0.12512259781120422,
    "sad": 0.011167325377018615,
    "angry": 0.009924353508967847,
    "fearful": 0.0016896648831315122,
    "disgusted": 0.0034278833548587575,
    "surprised": 0.01770263840200429,
    "neutral": 0.8309655366628147
  },
  "Transition_Global_MADE": [
    [
      0.033275230796189215,
      0.005312231967462579,
      0.0033754807293251807,
      0.021562497117929704,
      0.0020197548626290016,
      0.006944636582464101,
      0.0504662036908945
    ],
    [
      0.00389194772616182,
      0.01763365889199384,
      0.004500640972433574,
      0.009287183318116001,
      0.0021304263619511387,
      0.002683783858561824,
      0.03755452876997851
    ],
    [
      0.004712761346134337,
      0.0035876011030259434,
      0.02186684374106558,
      0.009490081066873253,
      0.007239760580656466,
      0.0029604626068671664,
      0.030240987189773954
    ],
    [
      0.016803622647077812,
      0.011961744551734314,
      0.011749624178033552,
      0.029420173569801436,
      0.0036152689778564777,
      0.007193647455938909,
      0.05779819052098608
    ],
    [
      0.001484842615905339,
      0.002619225483957244,
      0.007654778703114481,
      0.0041225133497496055,
      0.016176484150919036,
      0.00207509061229007,
      0.028046002453218234
    ],
    [
      0.0074795488291877635,
      0.002600780234070221,
      0.0043715242232244145,
      0.012017080301395384,
      0.0031356924807938837,
      0.008088242075459518,
      0.03865202113825637
    ],
    [
      0.05654391352866853,
      0.04147414437097086,
      0.030001198941242656,
      0.06134890112423798,
      0.028368794326241134,
      0.047561076833688404,
      0.17689916904149258
    ]
  ],
  "Transition_Global_REF": [
    [
      0.06563470248494897,
      0.00020030936668855232,
      8.902638519491214e-05,
      7.789808704554813e-05,
      0.0001224112796430042,
      0.001880682387242519,
      0.0355660408853674
    ],
    [
      0.0005007734167213807,
      0.0007233393797086611,
      0.0003783621370783766,
      1.1128298149364017e-05,
      1.1128298149364017e-05,
      0.0004785168204226528,
      0.00878022723984821
    ],
    [
      0.0001224112796430042,
      0.00044513192597456073,
      0.001201856200131314,
      1.1128298149364017e-05,
      3.3384894448092054e-05,
      0.0001891810685391883,
      0.007634012530463716
    ],
    [
      8.902638519491214e-05,
      0.0,
      0.0,
      5.564149074682009e-05,
      0.0,
      8.902638519491214e-05,
      0.0015134485483135065
    ],
    [
      5.564149074682009e-05,
      2.2256596298728035e-05,
      5.564149074682009e-05,
      0.0,
      0.00046738852227328875,
      0.00011128298149364018,
      0.0026485349595486364
    ],
    [
      0.0019919653687361593,
      0.00026707915558473643,
      0.0002559508574353724,
      6.676978889618411e-05,
      0.0001224112796430042,
      0.0006676978889618411,
      0.014978689309043967
    ],
    [
      0.06324211838283571,
      0.009870800458485884,
      0.00753385784711944,
      0.0013910372686705022,
      0.002481610487308176,
      0.015590745707258989,
      0.7523397246859038
    ]
  ],
  "Transition_PerDialog_MADE": [
    [
      0.03217790848040842,
      0.0056642932067932274,
      0.0037414585414585503,
      0.023345766455766647,
      0.0023001870351870334,
      0.007323395770895803,
      0.05155445609945557
    ],
    [
      0.00431200382950384,
      0.01649466366966371,
      0.005117675102675119,
      0.009555874680874717,
      0.002364004051504051,
      0.0030158594183594223,
      0.0369939985014983
    ],
    [
      0.0053800130425130585,
      0.0039100532800532915,
      0.02084405927405937,
      0.01032646603396609,
      0.00736770757020761,
      0.0032933288933288942,
      0.030761711066710978
    ],
    [
      0.018160381562881737,
      0.012521201298701348,
      0.012951206571206643,
      0.028423035298035353,
      0.0038347158397158475,
      0.007701848706848739,
      0.058307431734930845
    ],
    [
      0.0016632084582084556,
      0.002707290209790211,
      0.00787163031413035,
      0.004435980963480979,
      0.015202672327672357,
      0.0022689538239538225,
      0.02793205683205686
    ],
    [
      0.00799515651015655,
      0.0027623101898101915,
      0.004657528860028875,
      0.012640931290931369,
      0.003185095737595736,
      0.00751274087024089,
      0.03797080752580718
    ],
    [
      0.056606299811299346,
      0.041873524808524444,
      0.0304187298812299,
      0.062286114441113614,
      0.02827554556554567,
      0.04684227494727446,
      0.16714644161394052
    ]
  ],
  "Transition_PerDialog_REF": [
    [
      0.07002719118162577,
      0.0002125850340136055,
      6.413095298596137e-05,
      7.087955327016159e-05,
      0.00017024952990801444,
      0.001979417059737649,
      0.03293571910113521
    ],
    [
      0.000776829495103301,
      0.0012986540191525706,
      0.0003855785758514834,
      1.089016182780476e-05,
      1.089016182780476e-05,
      0.00039809280894722535,
      0.010069557127834262
    ],
    [
      9.036856403070765e-05,
      0.000578249960441471,
      0.001451474804209708,
      1.089016182780476e-05,
      6.606698175534889e-05,
      0.00016994787157921783,
      0.00815796741072234
    ],
    [
      0.00017799364498556448,
      0.0,
      0.0,
      5.466531232654117e-05,
      0.0,
      7.22380734577716e-05,
      0.001874216947017678
    ],
    [
      6.119665938235842e-05,
      2.178032365560952e-05,
      7.514211661185286e-05,
      0.0,
      0.0007188909327192602,
      0.0001878429163457369,
      0.0036657491221269794
    ],
    [
      0.0020325443683211477,
      0.0002574368255112271,
      0.0002203662746428412,
      5.0639252499292146e-05,
      0.00011657835735439028,
      0.0007787310068975137,
      0.014052872522058462
    ],
    [
      0.06531372274262862,
      0.011266817538489684,
      0.007843967889426292,
      0.0013144323786189926,
      0.0031108667442219014,
      0.015417725150745992,
      0.7423779523821661
    ]
  ]
}