{
  "Reference": "IEMOCAP",
  "Jensen_Shannon_Distance": 0.3937741638740574,
  "Semantic_Cosine_Centroid": 0.4572664201259613,
  "Semantic_Cosine_NNAvg": 0.3367033004760742,
  "Semantic_MMD": 0.07083213329315186,
  "Affective_Transition_KL_Global_(MADE||REF)": 2.5701520250398926,
  "Affective_Transition_KL_PerDialog/Monologue_(MADE||REF)": 2.568989171569948,
  "MADE_sentence_count": 118429,
  "IEMOCAP_sentence_count": 7529,
  "Model": "all-mpnet-base-v2",
  "Semantic_sample_size": 1000,
  "Semantic_sampling_seed": 42,
  "Emotion_Distribution_MADE": {
    "happy": 0.1231117378344831,
    "sad": 0.08109500206875005,
    "angry": 0.08053770613616597,
    "fearful": 0.13963640662337773,
    "disgusted": 0.061910511783431425,
    "surprised": 0.07533627743204789,
    "neutral": 0.43837235812174385
  },
  "Emotion_Distribution_REF": {
    "happy": 0.21729313321822288,
    "sad": 0.14397662372160977,
    "angry": 0.39208394209058306,
    "fearful": 0.005312790543232833,
    "disgusted": 0.0002656395271616417,
    "surprised": 0.014211714703147828,
    "neutral": 0.22685615619604196
  },
  "Transition_Global_MADE": [
    [
      0.033275230796189215,
      0.005312231967462579,
      0.0033754807293251807,
      0.021562497117929704,
      0.0020197548626290016,
      0.006944636582464101,
      0.0504662036908945
    ],
    [
      0.00389194772616182,
      0.01763365889199384,
      0.004500640972433574,
      0.009287183318116001,
      0.0021304263619511387,
      0.002683783858561824,
      0.03755452876997851
    ],
    [
      0.004712761346134337,
      0.0035876011030259434,
      0.02186684374106558,
      0.009490081066873253,
      0.007239760580656466,
      0.0029604626068671664,
      0.030240987189773954
    ],
    [
      0.016803622647077812,
      0.011961744551734314,
      0.011749624178033552,
      0.029420173569801436,
      0.0036152689778564777,
      0.007193647455938909,
      0.05779819052098608
    ],
    [
      0.001484842615905339,
      0.002619225483957244,
      0.007654778703114481,
      0.0041225133497496055,
      0.016176484150919036,
      0.00207509061229007,
      0.028046002453218234
    ],
    [
      0.0074795488291877635,
      0.002600780234070221,
      0.0043715242232244145,
      0.012017080301395384,
      0.0031356924807938837,
      0.008088242075459518,
      0.03865202113825637
    ],
    [
      0.05654391352866853,
      0.04147414437097086,
      0.030001198941242656,
      0.06134890112423798,
      0.028368794326241134,
      0.047561076833688404,
      0.17689916904149258
    ]
  ],
  "Transition_Global_REF": [
    [
      0.17118460287340742,
      0.00528598536188669,
      0.00623475196530225,
      0.0005421523448088912,
      0.0001355380862022228,
      0.003930604499864462,
      0.0279208457576579
    ],
    [
      0.00528598536188669,
      0.10233125508267824,
      0.01572241799945785,
      0.0006776904310111142,
      0.0,
      0.003117375982651125,
      0.016942260775277853
    ],
    [
      0.006099213879100027,
      0.015180265654648957,
      0.286527514231499,
      0.0001355380862022228,
      0.0,
      0.0028462998102466793,
      0.08172946597994037
    ],
    [
      0.0013553808620222283,
      0.0005421523448088912,
      0.0001355380862022228,
      0.0027107617240444567,
      0.0,
      0.0,
      0.0006776904310111142
    ],
    [
      0.0001355380862022228,
      0.0,
      0.0,
      0.0,
      0.0,
      0.0,
      0.0001355380862022228
    ],
    [
      0.003795066413662239,
      0.003252914068853348,
      0.003117375982651125,
      0.0,
      0.0,
      0.0006776904310111142,
      0.003659528327460016
    ],
    [
      0.028598536188669015,
      0.017484413120086743,
      0.08498238004879372,
      0.0004066142586066685,
      0.0001355380862022228,
      0.003795066413662239,
      0.09257251287611819
    ]
  ],
  "Transition_PerDialog_MADE": [
    [
      0.03217790848040842,
      0.0056642932067932274,
      0.0037414585414585503,
      0.023345766455766647,
      0.0023001870351870334,
      0.007323395770895803,
      0.05155445609945557
    ],
    [
      0.00431200382950384,
      0.01649466366966371,
      0.005117675102675119,
      0.009555874680874717,
      0.002364004051504051,
      0.0030158594183594223,
      0.0369939985014983
    ],
    [
      0.0053800130425130585,
      0.0039100532800532915,
      0.02084405927405937,
      0.01032646603396609,
      0.00736770757020761,
      0.0032933288933288942,
      0.030761711066710978
    ],
    [
      0.018160381562881737,
      0.012521201298701348,
      0.012951206571206643,
      0.028423035298035353,
      0.0038347158397158475,
      0.007701848706848739,
      0.058307431734930845
    ],
    [
      0.0016632084582084556,
      0.002707290209790211,
      0.00787163031413035,
      0.004435980963480979,
      0.015202672327672357,
      0.0022689538239538225,
      0.02793205683205686
    ],
    [
      0.00799515651015655,
      0.0027623101898101915,
      0.004657528860028875,
      0.012640931290931369,
      0.003185095737595736,
      0.00751274087024089,
      0.03797080752580718
    ],
    [
      0.056606299811299346,
      0.041873524808524444,
      0.0304187298812299,
      0.062286114441113614,
      0.02827554556554567,
      0.04684227494727446,
      0.16714644161394052
    ]
  ],
  "Transition_PerDialog_REF": [
    [
      0.17736169019267015,
      0.006590835264399893,
      0.0064422949549801925,
      0.0006874725417771777,
      0.0002006823198876179,
      0.004000351371779861,
      0.026270968368672112
    ],
    [
      0.0056957863560900025,
      0.11626080611841566,
      0.01663877363990469,
      0.0009148221068750869,
      0.0,
      0.002735539189702484,
      0.01778981283160796
    ],
    [
      0.006507222886557735,
      0.015702817599410786,
      0.27736816322660707,
      0.0001298532658096351,
      0.0,
      0.002695834519766553,
      0.07741720034000364
    ],
    [
      0.0017828234680425745,
      0.0007358351729212656,
      0.0001298532658096351,
      0.003730508912496238,
      0.0,
      0.0,
      0.0009000926272081168
    ],
    [
      0.0002006823198876179,
      0.0,
      0.0,
      0.0,
      0.0,
      0.0,
      0.00012040939193257074
    ],
    [
      0.0037577983358339406,
      0.0027930895918328634,
      0.003000680519976792,
      0.0,
      0.0,
      0.0005326285763287983,
      0.0037529437570400586
    ],
    [
      0.026859676971045632,
      0.018020604272425494,
      0.0811329496372434,
      0.0006008627331552287,
      0.00012040939193257074,
      0.003742933857625121,
      0.08667429010234372
    ]
  ]
}